date,time,total_games,wins,draws,avg_time
14/07/2020,18:22,0,0,0,0
14/07/2020,18:52,100,0,0,12.8
14/07/2020,19:14,200,0,0,13.2
14/07/2020,19:34,300,0,0,12.3
14/07/2020,19:56,400,0,0,13.2
14/07/2020,20:19,500,0,0,13.5
14/07/2020,20:40,600,0,0,12.6
14/07/2020,21:01,700,0,0,12.3
14/07/2020,21:23,800,0,0,13.5
14/07/2020,21:46,900,0,0,13.5
14/07/2020,22:07,1000,0,0,12.9
14/07/2020,22:29,1100,0,0,13.4
14/07/2020,22:51,1200,0,0,13.1
14/07/2020,23:11,1300,0,0,11.5
14/07/2020,23:32,1400,0,0,12.8
14/07/2020,23:53,1500,0,0,12.9
15/07/2020,00:13,1600,0,0,11.9
15/07/2020,00:34,1700,0,0,12.3
15/07/2020,00:54,1800,0,0,12.2
15/07/2020,01:17,1900,0,0,13.6
15/07/2020,01:38,2000,0,0,12.7
15/07/2020,02:00,2100,0,0,13.5
15/07/2020,02:21,2200,0,0,12.7
15/07/2020,02:43,2300,0,0,12.8
15/07/2020,03:03,2400,0,0,12.4
15/07/2020,03:25,2500,0,1,13.0
15/07/2020,03:46,2600,0,0,12.7
15/07/2020,04:08,2700,0,0,13.3
15/07/2020,04:31,2800,0,0,13.6
15/07/2020,04:52,2900,0,0,12.4
15/07/2020,05:13,3000,0,0,12.5
15/07/2020,05:34,3100,0,0,12.7
15/07/2020,05:55,3200,0,0,12.6
15/07/2020,06:17,3300,0,0,13.4
15/07/2020,06:37,3400,0,0,11.9
15/07/2020,06:59,3500,1,0,12.9
15/07/2020,07:20,3600,0,0,12.8
15/07/2020,07:39,3700,0,0,11.4
15/07/2020,07:59,3800,3,0,12.3
15/07/2020,08:21,3900,0,0,13.1
15/07/2020,08:41,4000,0,0,11.8
15/07/2020,09:02,4100,0,0,12.5
15/07/2020,09:24,4200,0,0,13.0
15/07/2020,09:45,4300,0,0,12.9
15/07/2020,10:05,4400,0,0,12.2
15/07/2020,10:27,4500,0,0,13.0
15/07/2020,10:47,4600,0,0,12.0
15/07/2020,11:08,4700,1,0,12.7
15/07/2020,11:29,4800,5,0,12.2
15/07/2020,11:50,4900,5,0,12.8
15/07/2020,12:10,5000,0,0,11.9
15/07/2020,12:30,5100,1,0,11.9
15/07/2020,12:51,5200,0,0,13.0
15/07/2020,13:12,5300,2,0,12.4
15/07/2020,13:32,5400,7,0,12.2
15/07/2020,13:54,5500,1,0,13.2
15/07/2020,14:15,5600,0,0,12.4
15/07/2020,14:34,5700,2,0,11.8
15/07/2020,14:56,5800,1,0,13.0
15/07/2020,15:17,5900,1,0,12.4
15/07/2020,15:37,6000,0,0,12.4
15/07/2020,15:57,6100,1,0,11.8
15/07/2020,16:19,6200,1,0,13.2
15/07/2020,16:41,6300,3,0,13.2
15/07/2020,17:03,6400,1,0,12.9
15/07/2020,17:23,6500,2,0,12.1
15/07/2020,17:44,6600,1,0,12.8
15/07/2020,18:05,6700,3,0,12.5
15/07/2020,18:27,6800,1,0,13.5
15/07/2020,18:48,6900,2,0,12.6
15/07/2020,19:09,7000,2,0,12.5
15/07/2020,19:30,7100,0,0,12.5
15/07/2020,19:50,7200,0,0,11.8
15/07/2020,20:11,7300,2,0,12.4
15/07/2020,20:31,7400,2,0,12.1
15/07/2020,20:50,7500,1,0,11.8
15/07/2020,21:12,7600,1,0,12.9
15/07/2020,21:32,7700,4,0,12.4
15/07/2020,21:53,7800,2,0,12.1
15/07/2020,22:13,7900,1,0,11.9
15/07/2020,22:35,8000,2,0,13.3
15/07/2020,22:55,8100,0,0,12.1
15/07/2020,23:16,8200,3,0,12.9
15/07/2020,23:43,8300,1,0,15.7
16/07/2020,00:04,8400,1,0,12.9
16/07/2020,00:24,8500,4,0,11.7
16/07/2020,00:44,8600,3,0,12.3
16/07/2020,01:05,8700,2,0,12.5
16/07/2020,01:27,8800,2,0,13.3
16/07/2020,01:47,8900,1,0,12.2
16/07/2020,02:09,9000,1,0,13.2
16/07/2020,02:31,9100,3,0,12.9
16/07/2020,02:51,9200,2,1,12.3
16/07/2020,03:12,9300,1,0,12.3
16/07/2020,03:33,9400,3,0,12.7
16/07/2020,03:55,9500,1,0,13.2
16/07/2020,04:17,9600,0,0,13.1
16/07/2020,04:38,9700,2,0,12.5
16/07/2020,04:59,9800,1,0,13.0
16/07/2020,05:19,9900,2,0,12.0
16/07/2020,05:38,10000,3,0,11.1
16/07/2020,05:57,10100,1,0,11.6
16/07/2020,06:19,10200,1,0,12.9
16/07/2020,06:38,10300,3,0,11.7
16/07/2020,06:58,10400,4,0,11.6
16/07/2020,07:17,10500,3,0,11.7
16/07/2020,07:36,10600,4,0,11.1
16/07/2020,07:55,10700,4,0,11.8
16/07/2020,08:17,10800,7,0,12.8
16/07/2020,08:38,10900,3,0,12.6
16/07/2020,08:59,11000,3,0,13.1
16/07/2020,09:20,11100,3,0,12.3
16/07/2020,09:42,11200,1,0,13.0
16/07/2020,10:03,11300,1,0,12.9
16/07/2020,10:23,11400,1,0,12.1
16/07/2020,10:44,11500,0,0,12.6
16/07/2020,11:05,11600,1,0,12.6
16/07/2020,11:27,11700,5,0,12.8
16/07/2020,11:45,11800,4,0,11.0
16/07/2020,12:05,11900,4,0,12.2
16/07/2020,12:27,12000,2,0,13.1
16/07/2020,12:48,12100,2,0,12.6
16/07/2020,13:09,12200,5,0,12.1
16/07/2020,13:29,12300,1,0,12.0
16/07/2020,13:49,12400,3,0,12.2
16/07/2020,14:10,12500,2,0,12.6
16/07/2020,14:32,12600,1,0,13.1
16/07/2020,14:53,12700,4,0,13.0
16/07/2020,15:12,12800,2,0,11.2
16/07/2020,15:33,12900,0,0,12.8
16/07/2020,15:55,13000,5,0,13.1
16/07/2020,16:16,13100,7,0,12.4
16/07/2020,16:36,13200,2,1,12.4
16/07/2020,16:58,13300,4,0,13.3
16/07/2020,17:19,13400,4,0,12.4
16/07/2020,17:40,13500,4,0,12.5
16/07/2020,18:01,13600,2,0,12.7
16/07/2020,18:22,13700,4,0,12.3
16/07/2020,18:42,13800,4,0,12.0
16/07/2020,19:01,13900,1,0,11.6
16/07/2020,19:22,14000,1,0,12.5
16/07/2020,19:42,14100,0,0,12.4
16/07/2020,20:03,14200,2,0,12.3
16/07/2020,20:23,14300,2,0,11.9
16/07/2020,20:44,14400,0,0,13.0
16/07/2020,21:05,14500,1,0,12.6
16/07/2020,21:25,14600,3,0,12.0
16/07/2020,21:45,14700,3,0,11.6
16/07/2020,22:05,14800,4,0,12.2
16/07/2020,22:26,14900,4,0,12.4
16/07/2020,22:46,15000,3,0,12.1
16/07/2020,23:07,15100,27,0,12.7
16/07/2020,23:30,15200,30,0,13.8
16/07/2020,23:52,15300,29,0,13.5
17/07/2020,00:14,15400,33,0,13.3
17/07/2020,00:37,15500,28,0,13.6
17/07/2020,01:00,15600,29,0,13.7
17/07/2020,01:22,15700,33,0,13.2
17/07/2020,01:44,15800,34,0,13.5
17/07/2020,02:06,15900,34,0,13.0
17/07/2020,02:28,16000,28,0,13.2
17/07/2020,02:49,16100,33,0,12.9
17/07/2020,03:11,16200,32,0,13.0
17/07/2020,03:34,16300,38,0,14.0
17/07/2020,03:56,16400,41,0,13.1
17/07/2020,04:18,16500,27,0,12.8
17/07/2020,04:39,16600,33,0,12.9
17/07/2020,05:01,16700,26,0,13.2
17/07/2020,05:24,16800,34,0,13.7
17/07/2020,05:47,16900,34,0,13.6
17/07/2020,06:09,17000,41,2,13.7
17/07/2020,06:31,17100,32,1,12.7
17/07/2020,06:52,17200,30,0,13.0
17/07/2020,07:15,17300,37,1,13.8
17/07/2020,07:38,17400,37,1,13.5
17/07/2020,08:05,17500,31,0,16.6
17/07/2020,08:29,17600,23,0,14.2
17/07/2020,08:51,17700,39,0,13.3
17/07/2020,09:13,17800,39,0,12.8
17/07/2020,09:35,17900,39,0,13.2
17/07/2020,09:56,18000,36,0,12.6
17/07/2020,10:17,18100,34,0,13.0
17/07/2020,10:39,18200,30,0,12.9
17/07/2020,11:01,18300,29,0,13.0
17/07/2020,11:23,18400,35,0,13.3
17/07/2020,11:46,18500,23,0,14.0
17/07/2020,12:08,18600,33,0,13.3
17/07/2020,12:30,18700,34,0,13.3
17/07/2020,12:53,18800,31,0,13.7
17/07/2020,13:15,18900,35,0,13.2
17/07/2020,13:37,19000,46,0,13.2
17/07/2020,13:59,19100,31,0,13.4
17/07/2020,14:21,19200,31,0,13.3
17/07/2020,14:43,19300,32,0,12.9
17/07/2020,15:05,19400,23,0,12.9
17/07/2020,15:26,19500,35,1,13.1
17/07/2020,15:48,19600,35,1,13.0
17/07/2020,16:11,19700,34,0,13.8
17/07/2020,16:33,19800,33,0,13.2
17/07/2020,16:56,19900,32,1,13.6
17/07/2020,17:18,20000,42,0,13.3
17/07/2020,17:40,20100,39,1,12.9
17/07/2020,18:02,20200,34,0,13.2
17/07/2020,18:23,20300,27,2,13.0
17/07/2020,18:46,20400,32,0,13.7
17/07/2020,19:08,20500,35,0,13.4
17/07/2020,19:30,20600,34,0,13.2
17/07/2020,19:52,20700,30,0,13.1
17/07/2020,20:15,20800,37,0,13.5
17/07/2020,20:37,20900,30,0,13.6
17/07/2020,21:01,21000,37,0,14.1
17/07/2020,21:23,21100,30,0,13.5
17/07/2020,21:47,21200,30,0,14.3
17/07/2020,22:09,21300,37,0,13.1
17/07/2020,22:31,21400,37,0,13.3
17/07/2020,22:54,21500,31,0,13.6
17/07/2020,23:16,21600,38,0,13.3
17/07/2020,23:38,21700,30,0,13.1
18/07/2020,00:01,21800,37,0,13.5
18/07/2020,00:21,21900,39,0,12.5
18/07/2020,00:43,22000,34,0,12.8
18/07/2020,01:04,22100,34,0,12.6
18/07/2020,01:25,22200,38,0,12.9
18/07/2020,01:47,22300,36,0,13.1
18/07/2020,02:09,22400,30,0,13.0
18/07/2020,02:31,22500,31,0,13.2
18/07/2020,02:52,22600,42,0,12.8
18/07/2020,03:13,22700,41,0,12.7
18/07/2020,03:35,22800,38,0,13.0
18/07/2020,03:56,22900,34,0,12.9
18/07/2020,04:18,23000,38,0,13.2
18/07/2020,04:40,23100,38,0,12.9
18/07/2020,05:02,23200,34,0,13.4
18/07/2020,05:24,23300,30,0,12.8
18/07/2020,05:45,23400,31,0,13.0
18/07/2020,06:09,23500,36,0,14.1
18/07/2020,06:31,23600,35,0,13.5
18/07/2020,06:53,23700,29,0,13.3
18/07/2020,07:16,23800,34,0,13.6
18/07/2020,07:38,23900,36,0,13.0
18/07/2020,07:59,24000,32,0,13.0
18/07/2020,08:22,24100,37,0,13.7
18/07/2020,08:45,24200,28,0,13.7
18/07/2020,09:07,24300,26,1,13.3
18/07/2020,09:30,24400,27,0,13.8
18/07/2020,09:57,24500,100,0,13.5
18/07/2020,10:20,24600,100,0,13.5
18/07/2020,10:42,24700,100,0,13.5
18/07/2020,11:05,24800,100,0,13.7
18/07/2020,11:27,24900,100,0,13.3
18/07/2020,11:50,25000,100,0,13.3
18/07/2020,12:12,25100,100,0,13.4
18/07/2020,12:34,25200,100,0,13.4
18/07/2020,12:57,25300,100,0,13.4
18/07/2020,13:19,25400,100,0,13.4
18/07/2020,13:41,25500,100,0,13.4
18/07/2020,14:04,25600,100,0,13.5
18/07/2020,14:27,25700,100,0,13.5
18/07/2020,14:49,25800,100,0,13.5
18/07/2020,15:11,25900,100,0,13.4
18/07/2020,15:34,26000,100,0,13.4
18/07/2020,18:59,26100,13,0,10.2
18/07/2020,19:17,26200,8,0,10.8
18/07/2020,19:36,26300,8,1,11.1
18/07/2020,19:53,26400,8,0,10.5
18/07/2020,20:11,26500,4,0,10.8
18/07/2020,20:30,26600,3,0,11.2
18/07/2020,20:50,26700,4,0,12.1
18/07/2020,21:10,26800,8,0,12.1
18/07/2020,21:30,26900,6,0,11.9
18/07/2020,21:50,27000,6,0,12.2
18/07/2020,22:08,27100,6,0,10.7
18/07/2020,22:25,27200,9,0,10.0
18/07/2020,22:43,27300,7,1,10.8
18/07/2020,23:03,27400,3,0,12.5
18/07/2020,23:21,27500,11,1,10.4
18/07/2020,23:39,27600,5,0,11.2
19/07/2020,00:01,27700,6,0,12.8
19/07/2020,00:20,27800,6,0,11.4
19/07/2020,00:39,27900,7,0,11.5
19/07/2020,00:57,28000,5,0,10.6
19/07/2020,01:17,28100,8,0,12.2
19/07/2020,01:39,28200,3,0,13.1
19/07/2020,01:58,28300,5,0,11.7
19/07/2020,02:18,28400,6,0,11.8
19/07/2020,02:38,28500,5,0,11.9
19/07/2020,02:57,28600,6,0,11.6
19/07/2020,03:19,28700,7,0,13.2
19/07/2020,03:39,28800,4,0,12.1
19/07/2020,04:00,28900,10,0,12.3
19/07/2020,04:22,29000,8,0,13.4
19/07/2020,04:42,29100,7,0,11.9
19/07/2020,05:01,29200,4,0,11.8
19/07/2020,05:22,29300,3,0,12.3
19/07/2020,05:42,29400,12,0,12.1
19/07/2020,06:06,29500,9,0,14.5
19/07/2020,06:27,29600,8,0,12.4
19/07/2020,06:46,29700,4,0,11.5
19/07/2020,07:05,29800,5,0,11.6
19/07/2020,07:24,29900,3,0,10.9
19/07/2020,07:42,30000,8,0,10.9
19/07/2020,07:59,30100,8,0,10.2
19/07/2020,08:18,30200,7,0,11.6
19/07/2020,08:38,30300,2,0,11.8
19/07/2020,08:59,30400,8,0,12.6
19/07/2020,09:20,30500,7,0,12.5
19/07/2020,09:40,30600,7,1,12.5
19/07/2020,10:00,30700,5,0,12.1
19/07/2020,10:21,30800,3,0,12.2
19/07/2020,10:40,30900,5,2,11.3
19/07/2020,11:00,31000,4,0,12.4
19/07/2020,11:20,31100,5,0,11.8
19/07/2020,11:40,31200,7,0,12.2
19/07/2020,12:02,31300,5,1,12.8
19/07/2020,12:23,31400,3,0,12.7
19/07/2020,12:43,31500,4,0,12.0
19/07/2020,13:04,31600,7,0,12.7
19/07/2020,13:22,31700,3,0,10.6
19/07/2020,13:41,31800,3,0,11.7
19/07/2020,14:02,31900,4,0,12.6
19/07/2020,14:21,32000,3,0,11.0
19/07/2020,14:38,32100,5,0,10.7
19/07/2020,14:57,32200,5,0,11.2
19/07/2020,15:16,32300,7,0,11.4
19/07/2020,15:35,32400,5,0,11.0
19/07/2020,15:54,32500,4,0,11.9
19/07/2020,16:15,32600,3,0,12.5
19/07/2020,16:35,32700,7,0,11.9
19/07/2020,16:56,32800,7,0,12.7
19/07/2020,17:18,32900,7,0,12.9
19/07/2020,17:38,33000,6,0,12.2
19/07/2020,17:57,33100,6,0,11.3
19/07/2020,18:18,33200,5,0,12.4
19/07/2020,18:36,33300,11,0,10.9
19/07/2020,18:55,33400,5,1,11.5
19/07/2020,19:16,33500,4,0,12.4
19/07/2020,19:37,33600,6,0,12.7
19/07/2020,19:57,33700,5,0,12.4
19/07/2020,20:17,33800,4,0,11.6
19/07/2020,20:37,33900,11,0,12.1
19/07/2020,20:56,34000,9,0,11.7
19/07/2020,21:17,34100,7,0,12.6
19/07/2020,21:37,34200,5,0,11.8
19/07/2020,21:57,34300,10,0,11.8
19/07/2020,22:16,34400,0,0,11.8
19/07/2020,22:36,34500,7,0,11.7
19/07/2020,22:57,34600,9,0,12.6
19/07/2020,23:19,34700,6,0,13.3
19/07/2020,23:41,34800,4,0,13.2
20/07/2020,00:04,34900,3,0,13.5
20/07/2020,00:25,35000,5,0,12.4
20/07/2020,00:46,35100,2,0,13.1
20/07/2020,01:06,35200,4,0,11.8
20/07/2020,01:27,35300,5,0,12.3
20/07/2020,01:46,35400,6,0,11.5
20/07/2020,02:08,35500,4,0,13.3
20/07/2020,02:29,35600,4,0,12.4
20/07/2020,02:50,35700,4,0,12.8
20/07/2020,03:13,35800,5,0,13.6
20/07/2020,03:35,35900,2,0,13.2
20/07/2020,03:56,36000,8,0,12.6
20/07/2020,04:17,36100,3,0,12.8
20/07/2020,04:37,36200,6,0,12.0
20/07/2020,04:56,36300,4,0,11.6
20/07/2020,05:17,36400,10,0,12.1
20/07/2020,05:40,36500,7,0,14.0
20/07/2020,06:01,36600,7,0,12.7
20/07/2020,06:22,36700,7,0,12.4
20/07/2020,06:42,36800,8,0,12.0
20/07/2020,07:01,36900,9,0,11.6
20/07/2020,07:21,37000,7,0,12.1
20/07/2020,07:42,37100,11,0,12.3
20/07/2020,08:05,37200,5,0,13.9
20/07/2020,08:24,37300,4,0,11.6
20/07/2020,08:44,37400,4,0,11.5
20/07/2020,09:04,37500,4,0,12.0
20/07/2020,09:25,37600,6,0,12.9
20/07/2020,09:45,37700,5,0,11.8
20/07/2020,10:05,37800,5,0,12.4
20/07/2020,10:26,37900,6,0,12.0
20/07/2020,10:45,38000,3,0,12.0
20/07/2020,11:05,38100,4,0,12.0
20/07/2020,11:25,38200,10,0,11.7
20/07/2020,11:44,38300,4,0,11.3
20/07/2020,12:03,38400,4,1,11.9
20/07/2020,12:24,38500,5,0,12.6
20/07/2020,12:46,38600,7,0,13.1
20/07/2020,13:08,38700,5,0,12.9
20/07/2020,13:30,38800,5,0,13.7
20/07/2020,13:51,38900,7,1,12.0
20/07/2020,14:11,39000,4,0,12.1
20/07/2020,14:34,39100,4,0,14.0
20/07/2020,14:54,39200,6,0,12.3
20/07/2020,15:15,39300,2,0,12.6
20/07/2020,15:36,39400,2,0,12.2
20/07/2020,15:55,39500,5,0,11.5
20/07/2020,16:16,39600,5,0,12.4
20/07/2020,16:36,39700,8,0,12.0
20/07/2020,16:57,39800,6,0,13.1
20/07/2020,17:18,39900,8,0,12.4
20/07/2020,17:38,40000,6,0,11.8
20/07/2020,18:00,40100,3,0,13.5
20/07/2020,18:19,40200,8,0,11.3
20/07/2020,18:40,40300,3,0,12.5
20/07/2020,19:02,40400,3,0,13.3
20/07/2020,19:23,40500,3,0,12.3
20/07/2020,19:44,40600,8,0,12.6
20/07/2020,20:04,40700,3,0,12.4
20/07/2020,20:26,40800,6,0,13.2
20/07/2020,20:47,40900,6,0,12.6
20/07/2020,21:08,41000,2,0,12.8
20/07/2020,21:31,41100,6,0,13.4
20/07/2020,21:52,41200,2,0,13.0
20/07/2020,22:14,41300,7,0,13.0
20/07/2020,22:36,41400,4,0,13.0
20/07/2020,22:56,41500,8,0,12.0
20/07/2020,23:18,41600,2,1,13.2
20/07/2020,23:39,41700,6,0,12.8
21/07/2020,00:00,41800,6,0,12.8
21/07/2020,00:22,41900,2,0,12.7
21/07/2020,00:42,42000,1,0,12.2
21/07/2020,01:01,42100,4,0,11.2
21/07/2020,01:20,42200,8,0,11.4
21/07/2020,01:39,42300,10,0,11.9
21/07/2020,02:01,42400,1,0,12.8
21/07/2020,02:21,42500,4,0,12.4
21/07/2020,02:41,42600,10,0,11.7
21/07/2020,03:01,42700,4,0,12.3
21/07/2020,03:21,42800,6,0,12.0
21/07/2020,03:41,42900,5,0,12.1
21/07/2020,04:05,43000,5,1,14.0
21/07/2020,04:25,43100,4,0,12.0
21/07/2020,04:45,43200,6,0,12.2
21/07/2020,05:04,43300,4,0,11.5
21/07/2020,05:26,43400,7,0,12.8
21/07/2020,05:48,43500,10,0,13.4
21/07/2020,06:10,43600,9,0,13.4
21/07/2020,06:32,43700,5,1,12.7
21/07/2020,06:54,43800,4,0,13.7
21/07/2020,07:15,43900,4,0,12.4
21/07/2020,07:36,44000,4,0,12.9
21/07/2020,07:58,44100,3,0,12.6
21/07/2020,08:18,44200,4,0,12.3
21/07/2020,08:39,44300,4,0,12.6
21/07/2020,09:01,44400,1,0,13.0
21/07/2020,09:23,44500,3,0,13.2
21/07/2020,09:44,44600,3,0,12.7
21/07/2020,10:06,44700,5,0,13.0
21/07/2020,10:26,44800,4,0,12.3
21/07/2020,10:45,44900,3,1,11.7
21/07/2020,11:05,45000,5,0,12.0
21/07/2020,11:27,45100,10,0,12.8
21/07/2020,11:46,45200,9,0,11.5
21/07/2020,12:06,45300,6,0,11.9
21/07/2020,12:27,45400,5,0,12.6
21/07/2020,12:47,45500,8,0,12.2
21/07/2020,13:08,45600,1,0,12.3
21/07/2020,13:29,45700,4,0,12.6
21/07/2020,13:50,45800,6,1,13.1
21/07/2020,14:11,45900,5,0,12.2
21/07/2020,14:32,46000,8,0,12.6
21/07/2020,14:53,46100,12,0,12.6
21/07/2020,15:13,46200,9,0,12.4
21/07/2020,15:34,46300,6,0,12.4
21/07/2020,15:56,46400,3,0,12.9
21/07/2020,16:15,46500,8,0,11.4
21/07/2020,16:36,46600,5,0,12.7
21/07/2020,16:57,46700,6,0,12.6
21/07/2020,17:19,46800,5,0,13.1
21/07/2020,17:39,46900,9,0,11.9
21/07/2020,17:59,47000,0,0,12.5
21/07/2020,18:21,47100,7,0,12.7
21/07/2020,18:43,47200,4,0,13.2
21/07/2020,19:03,47300,4,0,12.5
21/07/2020,19:24,47400,9,0,12.3
21/07/2020,19:44,47500,2,0,12.1
21/07/2020,20:04,47600,4,0,12.1
21/07/2020,20:24,47700,3,0,12.2
21/07/2020,20:47,47800,2,0,13.8
21/07/2020,21:08,47900,4,0,12.6
21/07/2020,21:29,48000,7,0,12.1
21/07/2020,21:49,48100,5,0,12.5
21/07/2020,22:10,48200,9,0,12.4
21/07/2020,22:30,48300,14,0,11.7
21/07/2020,22:50,48400,4,0,12.1
21/07/2020,23:10,48500,8,0,12.2
21/07/2020,23:31,48600,7,0,12.3
21/07/2020,23:51,48700,4,0,12.2
22/07/2020,00:11,48800,2,0,12.2
22/07/2020,00:31,48900,6,0,11.8
22/07/2020,00:51,49000,6,0,12.2
22/07/2020,01:12,49100,4,0,12.5
22/07/2020,01:32,49200,8,0,12.2
22/07/2020,01:54,49300,7,0,13.2
22/07/2020,02:17,49400,7,0,13.4
22/07/2020,02:39,49500,7,0,13.3
22/07/2020,03:01,49600,5,0,13.3
22/07/2020,03:24,49700,7,0,13.5
22/07/2020,03:44,49800,5,0,12.5
22/07/2020,04:06,49900,6,0,13.1
22/07/2020,04:27,50000,7,0,12.5
22/07/2020,04:48,50100,2,0,12.6
22/07/2020,05:09,50200,6,0,12.8
22/07/2020,05:31,50300,5,0,13.2
22/07/2020,05:51,50400,11,0,12.0
22/07/2020,06:13,50500,8,0,13.1
22/07/2020,06:33,50600,12,0,12.0
22/07/2020,06:53,50700,3,0,12.0
22/07/2020,07:15,50800,4,0,13.3
22/07/2020,07:36,50900,3,0,12.4
22/07/2020,07:57,51000,2,0,12.4
22/07/2020,08:18,51100,6,0,12.7
22/07/2020,08:41,51200,4,0,13.6
22/07/2020,09:01,51300,6,0,12.5
22/07/2020,09:22,51400,7,0,12.3
22/07/2020,09:42,51500,13,0,12.0
22/07/2020,10:02,51600,2,0,12.3
22/07/2020,10:24,51700,6,0,12.8
22/07/2020,10:45,51800,5,0,12.6
22/07/2020,11:07,51900,6,0,13.3
22/07/2020,11:27,52000,6,0,12.4
22/07/2020,11:49,52100,3,0,12.8
22/07/2020,12:10,52200,6,0,12.5
22/07/2020,12:30,52300,11,0,12.3
22/07/2020,12:51,52400,4,0,12.8
22/07/2020,13:13,52500,6,0,13.2
22/07/2020,13:34,52600,11,0,12.5
22/07/2020,13:55,52700,5,0,12.6
22/07/2020,14:15,52800,8,0,11.7
22/07/2020,14:34,52900,6,0,11.7
22/07/2020,14:57,53000,10,0,13.4
22/07/2020,15:17,53100,5,0,12.5
22/07/2020,15:37,53200,0,0,12.1
22/07/2020,15:58,53300,7,0,12.2
22/07/2020,16:20,53400,8,0,13.2
22/07/2020,16:42,53500,3,0,13.4
22/07/2020,17:04,53600,2,0,13.1
22/07/2020,17:26,53700,7,0,13.1
22/07/2020,17:47,53800,5,0,12.6
22/07/2020,18:10,53900,3,0,13.5
22/07/2020,18:33,54000,3,0,13.9
22/07/2020,18:55,54100,5,0,13.2
22/07/2020,19:18,54200,4,0,13.7
22/07/2020,19:38,54300,4,0,12.3
22/07/2020,20:01,54400,7,0,13.9
22/07/2020,20:24,54500,3,0,13.4
22/07/2020,20:45,54600,9,0,13.1
22/07/2020,21:07,54700,8,0,13.0
22/07/2020,21:29,54800,4,0,12.9
22/07/2020,21:51,54900,4,0,13.2
22/07/2020,22:14,55000,6,0,14.0
22/07/2020,22:35,55100,3,0,12.6
22/07/2020,22:56,55200,5,0,12.9
22/07/2020,23:18,55300,4,0,12.7
22/07/2020,23:39,55400,2,0,13.1
22/07/2020,23:59,55500,5,0,12.0
23/07/2020,00:19,55600,1,0,11.7
23/07/2020,00:38,55700,8,0,11.3
23/07/2020,00:59,55800,7,0,12.6
23/07/2020,01:21,55900,4,0,13.1
23/07/2020,01:42,56000,4,0,12.8
23/07/2020,02:02,56100,4,0,12.2
23/07/2020,02:23,56200,10,0,12.4
23/07/2020,02:44,56300,3,0,12.8
23/07/2020,03:05,56400,4,0,12.2
23/07/2020,03:25,56500,5,0,12.2
23/07/2020,03:47,56600,2,0,13.0
23/07/2020,04:08,56700,6,0,13.0
23/07/2020,04:30,56800,2,0,12.8
23/07/2020,04:52,56900,8,0,13.1
23/07/2020,05:13,57000,5,0,12.6
23/07/2020,05:34,57100,5,0,13.2
23/07/2020,05:57,57200,7,0,13.4
23/07/2020,06:18,57300,5,0,12.6
23/07/2020,06:38,57400,4,0,12.3
23/07/2020,07:00,57500,4,0,13.1
23/07/2020,07:22,57600,4,0,12.9
23/07/2020,07:43,57700,9,0,12.9
23/07/2020,08:05,57800,7,0,13.1
23/07/2020,08:26,57900,8,0,12.5
23/07/2020,08:47,58000,11,0,12.9
23/07/2020,09:10,58100,3,0,13.6
23/07/2020,09:30,58200,4,0,12.2
23/07/2020,09:51,58300,2,0,12.2
23/07/2020,10:14,58400,5,0,13.8
23/07/2020,10:36,58500,4,0,13.2
23/07/2020,11:00,58600,5,0,14.5
23/07/2020,11:23,58700,13,0,13.8
23/07/2020,11:45,58800,3,0,13.0
23/07/2020,12:05,58900,5,0,12.3
23/07/2020,12:26,59000,4,0,12.6
23/07/2020,12:48,59100,6,0,12.9
23/07/2020,13:09,59200,3,0,12.6
23/07/2020,13:30,59300,7,0,12.9
23/07/2020,13:53,59400,6,0,13.5
23/07/2020,14:13,59500,10,0,12.2
23/07/2020,14:36,59600,5,0,13.7
23/07/2020,14:59,59700,7,0,13.8
23/07/2020,15:20,59800,7,0,12.6
23/07/2020,15:44,59900,5,0,14.5
23/07/2020,16:06,60000,8,0,13.5
23/07/2020,16:29,60100,5,0,13.6
23/07/2020,16:50,60200,4,0,12.5
23/07/2020,17:11,60300,8,0,12.8
23/07/2020,17:33,60400,4,0,13.3
23/07/2020,17:54,60500,5,0,12.6
23/07/2020,18:14,60600,4,0,11.8
23/07/2020,18:34,60700,4,0,12.2
23/07/2020,18:55,60800,6,0,12.7
23/07/2020,19:17,60900,8,0,12.7
23/07/2020,19:38,61000,0,0,12.9
23/07/2020,20:00,61100,0,0,13.1
23/07/2020,20:23,61200,4,2,14.1
23/07/2020,20:45,61300,11,0,13.1
23/07/2020,21:06,61400,4,0,12.8
23/07/2020,21:29,61500,6,0,13.3
23/07/2020,21:50,61600,6,0,13.0
23/07/2020,22:12,61700,3,0,12.8
23/07/2020,22:33,61800,3,0,12.9
23/07/2020,22:54,61900,3,0,12.5
23/07/2020,23:15,62000,6,0,12.5
23/07/2020,23:35,62100,7,0,12.1
23/07/2020,23:56,62200,12,0,12.5
24/07/2020,00:17,62300,1,0,12.5
24/07/2020,00:38,62400,8,0,12.8
24/07/2020,01:01,62500,3,0,13.6
24/07/2020,01:21,62600,12,0,12.2
24/07/2020,01:42,62700,5,0,12.6
24/07/2020,02:02,62800,13,0,12.2
24/07/2020,02:23,62900,6,0,12.6
24/07/2020,02:46,63000,8,0,13.5
24/07/2020,03:08,63100,4,0,13.1
24/07/2020,03:30,63200,9,0,13.3
24/07/2020,03:51,63300,7,0,12.9
24/07/2020,04:13,63400,6,0,12.8
24/07/2020,04:34,63500,7,0,12.6
24/07/2020,04:55,63600,5,0,12.6
24/07/2020,05:16,63700,4,0,13.0
24/07/2020,05:37,63800,2,0,12.7
24/07/2020,06:00,63900,3,0,13.4
24/07/2020,06:20,64000,5,0,12.0
24/07/2020,06:40,64100,6,0,12.5
24/07/2020,07:01,64200,8,0,12.2
24/07/2020,07:21,64300,9,0,12.2
24/07/2020,07:43,64400,3,0,13.2
24/07/2020,08:04,64500,7,0,12.5
24/07/2020,08:25,64600,3,0,12.5
24/07/2020,08:44,64700,8,0,11.3
24/07/2020,09:04,64800,5,0,12.1
24/07/2020,09:23,64900,11,0,11.4
24/07/2020,09:44,65000,9,0,12.9
24/07/2020,10:06,65100,5,0,13.0
24/07/2020,10:26,65200,11,0,12.1
24/07/2020,10:48,65300,4,0,13.1
24/07/2020,11:08,65400,9,0,11.9
24/07/2020,11:28,65500,7,0,12.0
24/07/2020,11:50,65600,5,0,13.1
24/07/2020,12:11,65700,5,0,12.6
24/07/2020,12:30,65800,6,0,11.7
24/07/2020,12:51,65900,5,0,12.4
24/07/2020,13:13,66000,4,1,13.1
24/07/2020,13:33,66100,7,0,12.1
24/07/2020,13:52,66200,6,0,11.4
24/07/2020,14:14,66300,4,0,13.2
24/07/2020,14:34,66400,7,0,12.2
24/07/2020,14:54,66500,3,0,11.5
24/07/2020,15:13,66600,4,0,11.7
24/07/2020,15:34,66700,1,0,12.6
24/07/2020,15:54,66800,7,0,12.1
24/07/2020,16:15,66900,3,0,12.5
24/07/2020,16:37,67000,2,0,13.3
24/07/2020,17:00,67100,5,0,13.5
24/07/2020,17:21,67200,3,0,12.4
24/07/2020,17:42,67300,5,0,12.8
24/07/2020,18:04,67400,8,0,13.2
24/07/2020,18:27,67500,4,0,14.0
24/07/2020,18:49,67600,7,0,12.9
24/07/2020,19:10,67700,4,0,12.7
24/07/2020,19:31,67800,6,0,12.9
24/07/2020,19:51,67900,4,0,12.0
24/07/2020,20:12,68000,6,0,12.5
24/07/2020,20:33,68100,5,0,12.5
24/07/2020,20:54,68200,5,1,12.4
24/07/2020,21:15,68300,10,0,12.7
24/07/2020,21:35,68400,9,0,12.3
24/07/2020,21:55,68500,6,0,11.9
24/07/2020,22:15,68600,5,0,12.2
24/07/2020,22:36,68700,9,0,12.5
24/07/2020,22:57,68800,9,0,12.4
24/07/2020,23:18,68900,5,0,12.9
24/07/2020,23:39,69000,3,0,12.4
25/07/2020,00:01,69100,6,0,13.2
25/07/2020,00:22,69200,8,0,12.7
25/07/2020,00:43,69300,4,0,12.7
25/07/2020,01:05,69400,3,0,13.0
25/07/2020,01:26,69500,9,0,12.7
25/07/2020,01:49,69600,7,0,13.5
25/07/2020,02:09,69700,6,0,12.1
25/07/2020,02:30,69800,3,0,12.4
25/07/2020,02:50,69900,1,0,12.0
25/07/2020,03:10,70000,7,0,12.4
25/07/2020,03:32,70100,6,0,12.7
25/07/2020,03:54,70200,3,0,13.4
25/07/2020,04:16,70300,2,0,13.5
25/07/2020,04:38,70400,3,0,12.8
25/07/2020,05:00,70500,1,0,13.2
25/07/2020,05:21,70600,7,0,12.5
25/07/2020,05:42,70700,6,0,12.6
25/07/2020,06:03,70800,8,0,12.6
25/07/2020,06:23,70900,2,0,12.0
25/07/2020,06:44,71000,0,0,12.8
25/07/2020,07:05,71100,4,0,12.8
25/07/2020,07:27,71200,5,0,12.8
25/07/2020,07:48,71300,6,0,12.9
25/07/2020,08:10,71400,9,0,13.1
25/07/2020,08:32,71500,4,0,13.4
25/07/2020,08:55,71600,11,0,13.6
25/07/2020,09:17,71700,7,0,13.4
25/07/2020,09:38,71800,4,0,12.3
25/07/2020,10:00,71900,10,0,13.7
25/07/2020,10:27,72000,5,0,15.8
25/07/2020,10:48,72100,2,0,12.9
25/07/2020,11:10,72200,5,0,13.1
25/07/2020,11:32,72300,5,0,13.4
25/07/2020,11:56,72400,6,0,14.2
25/07/2020,12:18,72500,5,0,13.4
25/07/2020,12:39,72600,4,0,12.3
25/07/2020,13:01,72700,3,0,12.9
25/07/2020,13:23,72800,2,0,13.5
25/07/2020,13:44,72900,5,0,12.8
25/07/2020,14:05,73000,10,0,12.3
25/07/2020,14:28,73100,8,0,14.1
25/07/2020,14:50,73200,9,0,13.3
25/07/2020,15:12,73300,3,0,13.0
25/07/2020,15:34,73400,11,0,13.4
25/07/2020,15:56,73500,5,0,13.0
25/07/2020,16:17,73600,5,0,12.4
25/07/2020,16:39,73700,5,0,13.1
25/07/2020,17:01,73800,3,0,13.3
25/07/2020,17:24,73900,7,0,13.7
25/07/2020,17:44,74000,5,1,12.0
25/07/2020,18:04,74100,7,0,12.5
25/07/2020,18:26,74200,7,0,13.1
25/07/2020,18:46,74300,6,0,11.9
25/07/2020,19:08,74400,5,0,13.0
25/07/2020,19:29,74500,8,0,12.7
25/07/2020,20:21,74600,5,0,31.2
25/07/2020,20:43,74700,6,0,13.3
25/07/2020,21:05,74800,7,0,13.1
25/07/2020,21:28,74900,3,0,13.7
25/07/2020,21:50,75000,8,0,13.5
25/07/2020,22:12,75100,2,0,13.2
25/07/2020,22:33,75200,5,0,12.6
25/07/2020,22:54,75300,3,0,12.7
25/07/2020,23:16,75400,3,1,13.0
25/07/2020,23:38,75500,6,0,13.2
25/07/2020,23:59,75600,8,0,12.9
26/07/2020,00:20,75700,2,0,12.4
26/07/2020,00:43,75800,6,0,13.6
26/07/2020,01:05,75900,11,0,13.4
26/07/2020,01:26,76000,5,0,12.9
26/07/2020,01:48,76100,4,0,12.8
26/07/2020,02:08,76200,6,0,12.3
26/07/2020,02:32,76300,10,0,14.0
26/07/2020,02:54,76400,4,0,13.3
26/07/2020,03:17,76500,6,0,13.8
26/07/2020,03:37,76600,6,0,12.4
26/07/2020,03:58,76700,9,0,12.4
26/07/2020,04:19,76800,4,0,12.3
26/07/2020,04:39,76900,4,0,12.0
26/07/2020,04:58,77000,7,0,11.9
26/07/2020,05:18,77100,5,0,11.8
26/07/2020,05:39,77200,3,0,12.7
26/07/2020,06:00,77300,4,0,12.6
26/07/2020,06:23,77400,5,0,13.8
26/07/2020,06:46,77500,8,0,13.5
26/07/2020,07:08,77600,11,0,13.2
26/07/2020,07:27,77700,3,0,11.6
26/07/2020,07:48,77800,4,0,12.4
26/07/2020,08:09,77900,6,0,12.9
26/07/2020,08:31,78000,7,0,12.6
26/07/2020,08:51,78100,5,0,12.3
26/07/2020,09:12,78200,5,0,12.4
26/07/2020,09:33,78300,6,0,12.9
26/07/2020,09:55,78400,6,0,12.8
26/07/2020,10:16,78500,5,0,12.8
26/07/2020,10:38,78600,1,0,13.3
26/07/2020,11:02,78700,3,0,14.1
26/07/2020,11:23,78800,3,0,12.6
26/07/2020,11:44,78900,8,0,12.7
26/07/2020,12:05,79000,9,0,13.0
26/07/2020,12:27,79100,6,0,13.0
26/07/2020,12:49,79200,3,0,13.0
26/07/2020,13:11,79300,9,0,13.4
26/07/2020,13:33,79400,3,0,13.3
26/07/2020,13:53,79500,3,0,12.1
26/07/2020,14:14,79600,4,0,12.2
26/07/2020,14:35,79700,4,0,12.7
26/07/2020,14:58,79800,4,0,13.6
26/07/2020,15:25,79900,18,0,12.5
26/07/2020,15:47,80000,1,0,13.6
26/07/2020,16:09,80100,5,0,12.7
26/07/2020,16:30,80200,3,0,12.8
26/07/2020,16:53,80300,6,0,13.7
26/07/2020,17:15,80400,6,0,13.4
26/07/2020,17:38,80500,3,0,13.6
26/07/2020,18:00,80600,6,0,13.3
26/07/2020,18:22,80700,11,0,13.4
26/07/2020,18:44,80800,4,0,12.9
26/07/2020,19:05,80900,4,0,12.6
26/07/2020,19:28,81000,8,0,14.2
26/07/2020,19:53,81100,6,0,14.6
26/07/2020,20:16,81200,11,0,14.1
26/07/2020,20:38,81300,7,0,13.1
26/07/2020,21:02,81400,6,0,14.5
26/07/2020,21:26,81500,6,0,14.2
26/07/2020,21:51,81600,8,0,14.8
26/07/2020,22:16,81700,10,0,15.4
26/07/2020,22:43,81800,15,0,15.7
26/07/2020,23:09,81900,13,0,15.7
26/07/2020,23:34,82000,7,0,15.3
27/07/2020,00:01,82100,8,0,15.8
27/07/2020,00:26,82200,7,0,15.1
27/07/2020,00:51,82300,10,0,15.3
27/07/2020,01:16,82400,6,0,15.1
27/07/2020,01:42,82500,4,0,15.3
27/07/2020,02:12,82600,8,1,18.1
27/07/2020,02:38,82700,10,0,15.9
27/07/2020,03:04,82800,8,0,15.3
27/07/2020,03:29,82900,14,0,15.0
27/07/2020,03:54,83000,7,0,15.1
27/07/2020,04:19,83100,5,0,15.1
27/07/2020,04:46,83200,8,0,16.2
27/07/2020,05:13,83300,5,0,15.9
27/07/2020,05:42,83400,6,0,17.2
27/07/2020,06:07,83500,4,0,15.4
27/07/2020,06:32,83600,14,0,15.0
27/07/2020,06:58,83700,3,0,15.4
27/07/2020,07:25,83800,6,0,16.4
27/07/2020,07:52,83900,12,0,15.9
27/07/2020,08:18,84000,4,0,15.5
27/07/2020,08:44,84100,9,0,15.7
27/07/2020,09:15,84200,9,0,18.7
27/07/2020,09:41,84300,5,0,15.9
27/07/2020,10:07,84400,6,0,15.1
27/07/2020,10:33,84500,6,0,15.7
27/07/2020,10:59,84600,7,0,15.5
27/07/2020,11:26,84700,7,0,16.4
27/07/2020,11:52,84800,10,0,15.8
27/07/2020,12:18,84900,4,0,15.4
27/07/2020,12:44,85000,12,0,16.0
27/07/2020,13:10,85100,8,0,15.7
27/07/2020,13:42,85200,4,0,19.0
27/07/2020,14:08,85300,12,1,15.5
27/07/2020,14:34,85400,11,1,15.7
27/07/2020,15:00,85500,7,0,15.5
27/07/2020,15:26,85600,11,0,15.4
27/07/2020,15:51,85700,7,1,15.5
27/07/2020,16:18,85800,6,1,16.2
27/07/2020,16:44,85900,6,0,15.2
27/07/2020,17:10,86000,12,0,16.0
27/07/2020,17:36,86100,6,1,15.7
27/07/2020,18:02,86200,9,2,15.7
27/07/2020,18:29,86300,7,0,15.6
27/07/2020,18:55,86400,5,1,15.6
27/07/2020,19:20,86500,12,0,15.5
27/07/2020,19:47,86600,7,0,15.8
27/07/2020,20:12,86700,9,0,15.1
27/07/2020,20:38,86800,8,0,15.6
27/07/2020,21:05,86900,8,2,16.3
27/07/2020,21:31,87000,3,2,15.7
27/07/2020,21:58,87100,13,1,16.3
27/07/2020,22:25,87200,5,0,16.0
27/07/2020,22:52,87300,7,0,16.0
27/07/2020,23:18,87400,8,0,16.0
27/07/2020,23:44,87500,12,1,15.5
28/07/2020,00:10,87600,8,0,15.2
28/07/2020,00:37,87700,8,0,16.5
28/07/2020,01:03,87800,7,0,15.5
28/07/2020,01:32,87900,3,0,17.1
28/07/2020,01:57,88000,3,1,15.5
28/07/2020,02:24,88100,9,0,16.0
28/07/2020,02:51,88200,5,1,16.3
28/07/2020,03:18,88300,8,1,15.8
28/07/2020,03:44,88400,9,0,15.9
28/07/2020,04:11,88500,9,0,16.4
28/07/2020,04:39,88600,8,1,16.6
28/07/2020,05:06,88700,9,0,16.1
28/07/2020,05:33,88800,9,1,16.2
28/07/2020,06:00,88900,14,0,16.2
28/07/2020,06:26,89000,7,0,15.7
28/07/2020,06:52,89100,6,0,15.7
28/07/2020,07:18,89200,3,0,15.6
28/07/2020,07:46,89300,9,1,16.4
28/07/2020,08:12,89400,9,1,15.6
28/07/2020,08:38,89500,9,0,15.6
28/07/2020,09:05,89600,9,1,16.3
28/07/2020,09:31,89700,7,2,15.8
28/07/2020,10:00,89800,11,0,17.2
28/07/2020,10:27,89900,11,1,16.3
28/07/2020,10:54,90000,7,0,16.1
28/07/2020,11:21,90100,11,0,16.3
28/07/2020,11:48,90200,9,1,16.0
28/07/2020,12:15,90300,13,0,16.2
28/07/2020,12:41,90400,10,1,15.6
28/07/2020,13:07,90500,8,0,15.9
28/07/2020,13:35,90600,6,1,16.5
28/07/2020,14:01,90700,9,0,15.7
28/07/2020,14:29,90800,12,0,16.6
28/07/2020,14:56,90900,8,0,16.1
28/07/2020,15:23,91000,9,1,16.4
28/07/2020,15:50,91100,9,0,16.3
28/07/2020,16:17,91200,4,2,16.3
28/07/2020,16:43,91300,10,1,15.1
28/07/2020,17:10,91400,5,2,16.1
28/07/2020,17:37,91500,8,1,16.3
28/07/2020,18:04,91600,8,0,16.1
28/07/2020,18:30,91700,7,1,15.7
28/07/2020,18:57,91800,7,1,16.6
28/07/2020,19:24,91900,5,3,16.1
28/07/2020,19:50,92000,4,3,15.6
28/07/2020,20:16,92100,9,0,15.8
28/07/2020,20:43,92200,8,1,16.1
28/07/2020,21:10,92300,7,2,16.0
28/07/2020,21:36,92400,5,0,15.8
28/07/2020,22:02,92500,5,2,15.7
28/07/2020,22:30,92600,7,0,16.8
28/07/2020,22:58,92700,15,3,16.4
28/07/2020,23:25,92800,10,1,16.6
28/07/2020,23:53,92900,14,1,16.7
29/07/2020,00:21,93000,8,0,16.5
29/07/2020,00:47,93100,8,1,15.7
29/07/2020,01:13,93200,10,0,15.6
29/07/2020,01:41,93300,9,3,16.7
29/07/2020,02:07,93400,16,1,15.7
29/07/2020,02:33,93500,9,1,15.9
29/07/2020,03:00,93600,11,0,15.7
29/07/2020,03:26,93700,9,1,16.1
29/07/2020,03:55,93800,15,5,17.2
29/07/2020,04:23,93900,10,0,16.6
29/07/2020,04:50,94000,5,2,16.5
29/07/2020,05:18,94100,10,1,16.8
29/07/2020,05:46,94200,6,2,16.7
29/07/2020,06:13,94300,11,0,16.0
29/07/2020,06:40,94400,8,2,16.4
29/07/2020,07:07,94500,10,1,16.3
29/07/2020,07:35,94600,10,1,16.6
29/07/2020,08:02,94700,12,1,15.9
29/07/2020,08:29,94800,14,1,16.5
29/07/2020,08:57,94900,10,0,16.4
29/07/2020,09:24,95000,7,1,16.6
29/07/2020,09:51,95100,6,0,15.8
29/07/2020,10:19,95200,9,0,16.9
29/07/2020,10:46,95300,10,1,16.4
29/07/2020,11:13,95400,5,0,16.1
29/07/2020,11:40,95500,10,1,16.5
29/07/2020,12:06,95600,14,3,15.6
29/07/2020,12:34,95700,8,2,16.2
29/07/2020,13:01,95800,10,2,16.6
29/07/2020,13:28,95900,11,1,16.4
29/07/2020,13:56,96000,6,0,16.7
29/07/2020,14:22,96100,8,1,15.6
29/07/2020,14:50,96200,13,0,16.5
29/07/2020,15:17,96300,11,0,16.1
29/07/2020,15:44,96400,12,4,16.4
29/07/2020,16:11,96500,5,2,16.2
29/07/2020,16:38,96600,8,1,16.1
29/07/2020,17:04,96700,12,1,15.5
29/07/2020,17:31,96800,11,3,16.3
29/07/2020,18:00,96900,12,1,17.7
29/07/2020,18:27,97000,12,3,16.2
29/07/2020,18:55,97100,10,2,16.5
29/07/2020,19:22,97200,9,1,16.3
29/07/2020,19:48,97300,12,1,15.7
29/07/2020,20:14,97400,16,1,15.8
29/07/2020,20:42,97500,9,1,16.3
29/07/2020,21:08,97600,8,2,16.1
29/07/2020,21:36,97700,9,1,16.2
29/07/2020,22:03,97800,6,2,16.3
29/07/2020,22:30,97900,4,1,16.6
29/07/2020,22:58,98000,10,1,16.8
29/07/2020,23:27,98100,10,3,17.5
29/07/2020,23:54,98200,7,4,16.0
30/07/2020,00:21,98300,8,3,16.4
30/07/2020,00:49,98400,10,1,16.3
30/07/2020,01:16,98500,13,0,16.4
30/07/2020,01:44,98600,10,2,16.8
30/07/2020,02:11,98700,8,2,16.3
30/07/2020,02:37,98800,9,1,15.6
30/07/2020,03:05,98900,12,2,16.8
30/07/2020,03:31,99000,7,2,15.7
30/07/2020,04:00,99100,11,1,17.1
30/07/2020,04:26,99200,11,0,15.9
30/07/2020,04:54,99300,9,0,16.8
30/07/2020,05:22,99400,13,0,16.4
30/07/2020,05:48,99500,8,1,16.0
30/07/2020,06:16,99600,12,2,16.5
30/07/2020,06:43,99700,10,2,16.2
30/07/2020,07:10,99800,11,1,16.2
30/07/2020,07:38,99900,14,2,17.0
30/07/2020,08:04,100000,9,1,15.8
30/07/2020,08:32,100100,7,2,16.3
30/07/2020,09:02,100200,10,3,18.0
30/07/2020,09:29,100300,12,0,16.2
30/07/2020,09:55,100400,15,2,15.8
30/07/2020,10:22,100500,12,0,16.3
30/07/2020,10:49,100600,12,1,16.0
30/07/2020,11:16,100700,11,0,16.3
30/07/2020,11:44,100800,12,1,16.5
30/07/2020,12:10,100900,10,1,16.1
30/07/2020,12:39,101000,5,2,17.1
30/07/2020,13:06,101100,13,1,16.3
30/07/2020,13:40,101200,13,1,20.1
30/07/2020,14:05,101300,7,2,15.4
30/07/2020,14:32,101400,9,1,16.1
30/07/2020,14:58,101500,10,2,15.8
30/07/2020,15:25,101600,7,1,16.2
30/07/2020,15:52,101700,11,1,16.2
30/07/2020,16:20,101800,13,2,16.4
30/07/2020,16:47,101900,10,2,16.1
30/07/2020,17:13,102000,14,1,15.5
30/07/2020,17:40,102100,8,2,16.5
30/07/2020,18:08,102200,11,1,16.4
30/07/2020,18:36,102300,12,0,16.8
30/07/2020,19:04,102400,6,3,16.8
30/07/2020,19:31,102500,12,1,16.3
30/07/2020,19:57,102600,9,2,16.0
30/07/2020,20:25,102700,13,0,16.7
30/07/2020,20:52,102800,8,3,16.2
30/07/2020,21:19,102900,7,2,16.0
30/07/2020,21:47,103000,12,1,16.5
30/07/2020,22:13,103100,5,2,16.0
30/07/2020,22:40,103200,7,0,16.1
30/07/2020,23:08,103300,12,2,16.7
30/07/2020,23:36,103400,6,4,16.8
31/07/2020,00:02,103500,9,0,15.9
31/07/2020,00:30,103600,11,0,16.3
31/07/2020,00:57,103700,8,0,16.4
31/07/2020,01:24,103800,16,1,16.0
31/07/2020,01:51,103900,11,0,16.4
31/07/2020,02:19,104000,13,2,16.7
31/07/2020,02:45,104100,10,0,16.0
31/07/2020,03:12,104200,8,3,16.2
31/07/2020,03:41,104300,10,1,16.9
31/07/2020,04:08,104400,11,2,16.7
31/07/2020,04:37,104500,9,2,17.0
31/07/2020,05:03,104600,11,3,16.0
31/07/2020,05:31,104700,5,3,16.4
31/07/2020,05:58,104800,9,1,16.4
31/07/2020,06:25,104900,21,0,16.2
31/07/2020,06:52,105000,7,1,15.9
31/07/2020,07:19,105100,9,2,16.5
31/07/2020,07:46,105200,11,1,16.1
31/07/2020,08:13,105300,9,3,16.4
31/07/2020,08:41,105400,9,0,16.7
31/07/2020,09:08,105500,11,3,16.0
31/07/2020,09:34,105600,7,0,15.6
31/07/2020,10:01,105700,9,3,16.5
31/07/2020,10:29,105800,15,1,16.4
31/07/2020,10:56,105900,8,0,16.6
31/07/2020,11:24,106000,15,2,16.5
31/07/2020,11:52,106100,5,2,16.7
31/07/2020,12:19,106200,9,0,16.4
31/07/2020,12:45,106300,14,1,15.8
31/07/2020,13:14,106400,10,4,17.1
31/07/2020,13:41,106500,18,1,16.2
31/07/2020,14:08,106600,7,1,16.2
31/07/2020,14:35,106700,9,5,16.2
31/07/2020,15:05,106800,15,0,17.8
31/07/2020,15:33,106900,11,0,16.9
31/07/2020,16:00,107000,11,0,16.3
31/07/2020,16:27,107100,17,2,16.3
31/07/2020,16:54,107200,9,1,16.4
31/07/2020,17:21,107300,12,1,16.3
31/07/2020,17:49,107400,5,0,16.7
31/07/2020,18:17,107500,9,2,16.8
31/07/2020,18:44,107600,6,1,16.3
31/07/2020,19:12,107700,9,2,16.3
31/07/2020,19:40,107800,9,3,16.8
31/07/2020,20:09,107900,6,1,17.5
31/07/2020,20:35,108000,7,3,15.7
31/07/2020,21:02,108100,18,3,16.1
31/07/2020,21:29,108200,6,1,16.2
31/07/2020,21:57,108300,11,1,16.7
31/07/2020,22:23,108400,7,2,16.1
31/07/2020,22:51,108500,9,1,16.6
31/07/2020,23:20,108600,8,1,17.0
31/07/2020,23:47,108700,10,3,16.2
01/08/2020,00:13,108800,14,1,16.1
01/08/2020,00:40,108900,14,2,16.1
01/08/2020,01:07,109000,10,2,16.3
01/08/2020,01:35,109100,13,0,16.7
01/08/2020,02:04,109200,13,2,17.0
01/08/2020,02:30,109300,18,1,15.8
01/08/2020,02:58,109400,11,2,16.6
01/08/2020,03:25,109500,11,3,16.2
01/08/2020,03:52,109600,15,2,16.6
01/08/2020,04:19,109700,11,2,16.3
01/08/2020,04:46,109800,10,3,15.8
01/08/2020,05:13,109900,10,3,16.3
01/08/2020,05:41,110000,7,0,16.9
01/08/2020,06:09,110100,15,2,16.6
01/08/2020,06:36,110200,12,4,16.0
01/08/2020,07:03,110300,17,1,16.7
01/08/2020,07:31,110400,13,1,16.5
01/08/2020,07:58,110500,14,1,15.9
01/08/2020,08:25,110600,7,1,16.6
01/08/2020,08:52,110700,16,0,16.0
01/08/2020,09:19,110800,14,2,16.3
01/08/2020,09:46,110900,14,1,16.2
01/08/2020,10:14,111000,14,0,16.5
01/08/2020,10:41,111100,11,0,16.5
01/08/2020,11:09,111200,15,1,16.8
01/08/2020,11:38,111300,14,2,17.5
01/08/2020,12:06,111400,12,0,16.4
01/08/2020,12:32,111500,11,1,15.9
01/08/2020,12:59,111600,16,2,16.3
01/08/2020,13:27,111700,10,3,16.4
01/08/2020,13:54,111800,12,5,16.4
01/08/2020,14:21,111900,5,2,16.2
01/08/2020,14:49,112000,9,0,16.9
01/08/2020,15:16,112100,10,2,16.5
01/08/2020,15:45,112200,13,1,16.9
01/08/2020,16:12,112300,13,3,16.1
01/08/2020,16:40,112400,15,4,16.9
01/08/2020,17:08,112500,10,4,17.1
01/08/2020,17:35,112600,17,4,15.9
01/08/2020,18:02,112700,9,1,16.1
01/08/2020,18:29,112800,15,6,16.1
01/08/2020,18:57,112900,10,3,17.0
01/08/2020,19:24,113000,17,1,16.5
01/08/2020,19:53,113100,10,2,16.9
01/08/2020,20:20,113200,14,4,16.4
01/08/2020,20:48,113300,17,1,16.9
01/08/2020,21:15,113400,9,2,16.2
01/08/2020,21:44,113500,8,1,17.3
01/08/2020,22:12,113600,11,1,16.6
01/08/2020,22:41,113700,11,2,17.9
01/08/2020,23:09,113800,9,0,16.9
01/08/2020,23:37,113900,15,3,16.8
02/08/2020,00:05,114000,10,2,16.3
02/08/2020,00:32,114100,11,1,16.4
02/08/2020,01:00,114200,11,2,17.1
02/08/2020,01:28,114300,14,1,16.6
02/08/2020,01:57,114400,11,1,17.2
02/08/2020,02:24,114500,8,2,16.6
02/08/2020,02:52,114600,14,1,16.5
02/08/2020,03:19,114700,9,3,16.5
02/08/2020,03:46,114800,8,4,16.2
02/08/2020,04:14,114900,10,1,16.7
02/08/2020,04:43,115000,14,0,16.9
02/08/2020,05:10,115100,19,1,16.2
02/08/2020,05:37,115200,12,2,16.6
02/08/2020,06:05,115300,12,1,16.4
02/08/2020,06:31,115400,14,2,16.1
02/08/2020,07:00,115500,13,2,17.1
02/08/2020,07:27,115600,14,2,16.3
02/08/2020,07:54,115700,11,1,16.2
02/08/2020,08:22,115800,11,2,16.6
02/08/2020,08:51,115900,10,1,17.5
02/08/2020,09:19,116000,15,2,16.8
02/08/2020,09:47,116100,10,3,16.9
02/08/2020,10:15,116200,9,2,16.6
02/08/2020,10:43,116300,15,3,16.7
02/08/2020,11:10,116400,6,4,16.4
02/08/2020,11:38,116500,14,2,16.6
02/08/2020,12:04,116600,10,3,15.9
02/08/2020,12:32,116700,10,3,17.0
02/08/2020,13:00,116800,17,1,16.3
02/08/2020,13:28,116900,15,3,16.8
02/08/2020,13:56,117000,6,2,17.0
02/08/2020,14:24,117100,14,1,16.7
02/08/2020,14:53,117200,6,0,17.4
02/08/2020,15:22,117300,11,3,17.5
02/08/2020,15:50,117400,14,3,16.5
02/08/2020,16:18,117500,13,1,17.0
02/08/2020,16:44,117600,10,2,15.8
02/08/2020,17:11,117700,10,1,16.3
02/08/2020,17:39,117800,18,0,16.7
02/08/2020,18:07,117900,13,3,16.5
02/08/2020,18:34,118000,10,2,16.5
02/08/2020,19:03,118100,16,1,16.8
02/08/2020,19:32,118200,10,2,17.7
02/08/2020,20:00,118300,15,1,16.6
02/08/2020,20:28,118400,11,2,17.0
02/08/2020,20:56,118500,8,1,16.6
02/08/2020,21:23,118600,7,2,16.2
02/08/2020,21:50,118700,10,1,16.1
02/08/2020,22:18,118800,12,2,16.6
02/08/2020,22:46,118900,8,2,16.8
02/08/2020,23:13,119000,10,3,16.3
02/08/2020,23:41,119100,12,0,17.2
03/08/2020,00:09,119200,12,3,16.4
03/08/2020,00:37,119300,10,1,16.9
03/08/2020,01:05,119400,9,1,16.6
03/08/2020,01:33,119500,20,5,17.0
03/08/2020,02:01,119600,7,1,16.8
03/08/2020,02:29,119700,14,3,16.5
03/08/2020,02:56,119800,9,0,16.6
03/08/2020,03:24,119900,15,2,16.5
03/08/2020,03:51,120000,13,0,16.1
03/08/2020,04:18,120100,13,1,16.2
03/08/2020,04:46,120200,13,1,17.1
03/08/2020,05:14,120300,12,2,16.7
03/08/2020,05:42,120400,14,3,16.6
03/08/2020,06:09,120500,11,5,16.5
03/08/2020,06:36,120600,11,3,15.9
03/08/2020,07:05,120700,12,0,17.5
03/08/2020,07:34,120800,12,4,17.8
03/08/2020,08:02,120900,16,1,16.6
03/08/2020,08:30,121000,13,2,16.5
03/08/2020,08:57,121100,14,0,16.2
03/08/2020,09:24,121200,13,1,16.4
03/08/2020,09:51,121300,12,1,16.2
03/08/2020,10:19,121400,10,1,16.5
03/08/2020,10:47,121500,13,0,16.8
03/08/2020,11:15,121600,10,2,16.9
03/08/2020,11:43,121700,6,4,16.9
03/08/2020,12:11,121800,16,3,17.1
03/08/2020,12:39,121900,13,2,16.5
03/08/2020,13:07,122000,8,1,17.0
03/08/2020,13:36,122100,10,1,17.0
03/08/2020,14:04,122200,10,0,16.8
03/08/2020,14:31,122300,11,2,16.5
03/08/2020,14:59,122400,15,1,16.9
03/08/2020,15:26,122500,9,2,16.3
03/08/2020,15:55,122600,15,2,17.3
03/08/2020,16:22,122700,12,2,15.8
03/08/2020,16:50,122800,10,4,16.8
03/08/2020,17:17,122900,11,2,16.4
03/08/2020,17:45,123000,19,0,16.6
03/08/2020,18:12,123100,15,4,16.4
03/08/2020,18:40,123200,9,0,17.0
03/08/2020,19:07,123300,13,2,16.1
03/08/2020,19:35,123400,11,1,16.7
03/08/2020,20:04,123500,14,1,17.2
03/08/2020,20:31,123600,16,3,16.5
03/08/2020,20:59,123700,8,3,16.9
03/08/2020,21:27,123800,13,0,16.6
03/08/2020,21:56,123900,6,1,17.1
03/08/2020,22:23,124000,9,3,16.6
03/08/2020,22:51,124100,15,1,16.6
03/08/2020,23:18,124200,10,4,16.6
03/08/2020,23:46,124300,15,2,16.5
04/08/2020,00:14,124400,9,1,16.7
04/08/2020,00:40,124500,12,1,15.9
04/08/2020,01:08,124600,18,1,16.7
04/08/2020,01:36,124700,11,0,16.5
04/08/2020,02:03,124800,9,2,16.2
04/08/2020,02:30,124900,11,0,16.4
04/08/2020,02:57,125000,11,3,16.0
04/08/2020,03:24,125100,8,2,16.5
04/08/2020,03:52,125200,8,2,16.9
04/08/2020,04:20,125300,14,1,16.8
04/08/2020,04:49,125400,8,1,17.0
04/08/2020,05:16,125500,10,0,16.4
04/08/2020,05:46,125600,6,3,18.2
04/08/2020,06:14,125700,15,2,16.7
04/08/2020,06:42,125800,14,2,16.7
04/08/2020,07:10,125900,18,2,16.7
04/08/2020,07:38,126000,8,2,16.8
04/08/2020,08:05,126100,15,0,16.4
04/08/2020,08:33,126200,9,3,16.8
04/08/2020,09:01,126300,6,3,16.4
04/08/2020,09:29,126400,15,1,17.1
04/08/2020,09:57,126500,13,1,16.8
04/08/2020,10:25,126600,13,4,16.7
04/08/2020,10:52,126700,10,1,16.1
04/08/2020,11:20,126800,12,2,17.1
04/08/2020,11:48,126900,14,2,16.6
04/08/2020,12:15,127000,12,3,16.2
04/08/2020,12:43,127100,9,2,17.0
04/08/2020,13:11,127200,20,5,16.5
04/08/2020,13:38,127300,9,1,16.4
04/08/2020,14:08,127400,8,2,17.6
04/08/2020,14:35,127500,7,2,16.7
04/08/2020,15:04,127600,12,3,17.3
04/08/2020,15:32,127700,15,3,16.7
04/08/2020,16:01,127800,13,4,17.5
04/08/2020,16:30,127900,13,4,17.5
04/08/2020,16:59,128000,12,2,17.0
04/08/2020,17:26,128100,16,2,16.5
04/08/2020,17:54,128200,19,2,16.8
04/08/2020,18:22,128300,12,4,16.8
04/08/2020,18:50,128400,9,2,16.7
04/08/2020,19:18,128500,10,4,16.4
04/08/2020,19:46,128600,12,2,16.8
04/08/2020,20:13,128700,12,3,16.4
04/08/2020,20:41,128800,13,1,16.6
04/08/2020,21:08,128900,13,0,16.6
04/08/2020,21:37,129000,16,2,17.3
04/08/2020,22:04,129100,14,4,16.5
04/08/2020,22:33,129200,9,2,17.1
04/08/2020,23:03,129300,6,3,17.8
04/08/2020,23:30,129400,5,3,16.5
04/08/2020,23:57,129500,14,4,16.1
05/08/2020,00:24,129600,17,2,16.3
05/08/2020,00:51,129700,11,1,16.1
05/08/2020,01:18,129800,11,4,16.3
05/08/2020,01:47,129900,10,0,17.1
05/08/2020,02:15,130000,12,4,16.8
05/08/2020,02:42,130100,13,2,16.6
05/08/2020,03:10,130200,11,6,16.3
05/08/2020,03:36,130300,11,2,16.0
05/08/2020,04:04,130400,16,0,16.9
05/08/2020,04:33,130500,18,0,17.0
05/08/2020,05:01,130600,12,1,16.8
05/08/2020,05:29,130700,11,2,16.7
05/08/2020,05:56,130800,12,4,16.6
05/08/2020,06:24,130900,13,1,16.7
05/08/2020,06:52,131000,16,2,17.0
05/08/2020,07:19,131100,15,2,16.0
05/08/2020,07:46,131200,9,4,15.9
05/08/2020,08:14,131300,9,1,16.7
05/08/2020,08:40,131400,14,0,15.6
05/08/2020,09:08,131500,11,2,16.8
05/08/2020,09:35,131600,13,3,16.5
05/08/2020,10:04,131700,12,2,17.6
05/08/2020,10:33,131800,12,3,17.1
05/08/2020,11:00,131900,9,2,16.5
05/08/2020,11:29,132000,7,1,17.2
05/08/2020,11:56,132100,19,0,15.9
05/08/2020,12:23,132200,14,4,16.4
05/08/2020,12:50,132300,12,2,16.0
05/08/2020,13:18,132400,17,1,17.0
05/08/2020,13:47,132500,13,3,17.2
05/08/2020,14:15,132600,12,2,16.8
05/08/2020,14:43,132700,7,4,16.9
05/08/2020,15:11,132800,16,2,16.9
05/08/2020,15:40,132900,9,2,17.1
05/08/2020,16:08,133000,8,3,16.8
05/08/2020,16:37,133100,9,2,17.5
05/08/2020,17:05,133200,18,3,16.9
05/08/2020,17:34,133300,14,1,17.2
05/08/2020,18:03,133400,16,2,17.4
05/08/2020,18:32,133500,11,3,17.5
05/08/2020,19:00,133600,9,3,16.6
05/08/2020,19:28,133700,16,3,16.8
05/08/2020,19:55,133800,10,3,16.5
05/08/2020,20:24,133900,15,1,17.0
05/08/2020,20:52,134000,9,3,16.8
05/08/2020,21:21,134100,9,5,17.6
05/08/2020,21:49,134200,15,2,16.9
05/08/2020,22:16,134300,13,4,16.2
05/08/2020,22:44,134400,17,1,16.5
05/08/2020,23:11,134500,24,2,16.5
05/08/2020,23:40,134600,12,0,17.0
06/08/2020,00:07,134700,17,2,16.6
06/08/2020,00:37,134800,12,5,17.6
06/08/2020,01:03,134900,14,0,15.8
06/08/2020,01:31,135000,10,3,16.4
06/08/2020,01:58,135100,15,0,16.8
06/08/2020,02:26,135200,14,1,16.4
06/08/2020,02:54,135300,13,1,16.7
06/08/2020,03:23,135400,13,3,17.6
06/08/2020,03:51,135500,13,2,16.9
06/08/2020,04:18,135600,10,1,16.2
06/08/2020,04:46,135700,14,4,16.7
06/08/2020,05:14,135800,9,3,16.9
06/08/2020,05:41,135900,18,2,16.1
06/08/2020,06:09,136000,12,2,16.5
06/08/2020,06:37,136100,13,3,16.7
06/08/2020,07:04,136200,13,6,16.6
06/08/2020,07:33,136300,17,2,17.3
06/08/2020,08:00,136400,10,5,16.4
06/08/2020,08:28,136500,12,2,16.4
06/08/2020,08:55,136600,12,1,16.5
06/08/2020,09:24,136700,10,3,17.4
06/08/2020,09:52,136800,13,5,16.7
06/08/2020,10:20,136900,17,3,16.7
06/08/2020,10:46,137000,10,3,16.0
06/08/2020,11:15,137100,14,1,17.4
06/08/2020,11:43,137200,20,3,16.4
06/08/2020,12:10,137300,14,2,16.7
06/08/2020,12:38,137400,11,1,16.7
06/08/2020,13:07,137500,8,3,17.0
06/08/2020,13:36,137600,14,1,17.3
06/08/2020,14:03,137700,17,1,16.5
06/08/2020,14:30,137800,13,2,16.1
06/08/2020,14:58,137900,11,2,16.9
06/08/2020,15:27,138000,16,3,17.5
06/08/2020,15:56,138100,16,2,17.6
06/08/2020,16:24,138200,11,1,16.5
06/08/2020,16:52,138300,12,2,16.8
06/08/2020,17:20,138400,16,1,16.7
06/08/2020,17:47,138500,9,2,16.6
06/08/2020,18:15,138600,15,1,16.6
06/08/2020,18:44,138700,10,1,17.2
06/08/2020,19:11,138800,18,2,16.4
06/08/2020,19:39,138900,16,2,16.4
06/08/2020,20:07,139000,10,3,16.8
06/08/2020,20:34,139100,15,1,16.6
06/08/2020,21:03,139200,15,5,16.9
06/08/2020,21:31,139300,13,1,17.1
06/08/2020,22:01,139400,17,2,18.2
06/08/2020,22:30,139500,15,0,17.3
06/08/2020,22:58,139600,9,3,16.6
06/08/2020,23:27,139700,11,2,17.5
06/08/2020,23:55,139800,18,2,16.7
07/08/2020,00:22,139900,10,3,16.4
07/08/2020,00:50,140000,6,2,16.7
07/08/2020,01:19,140100,10,4,17.2
07/08/2020,01:48,140200,9,1,17.4
07/08/2020,02:16,140300,11,2,17.1
07/08/2020,02:45,140400,9,1,17.1
07/08/2020,03:13,140500,20,1,16.9
07/08/2020,03:41,140600,11,0,16.9
07/08/2020,04:09,140700,17,1,17.0
07/08/2020,04:37,140800,18,1,16.5
07/08/2020,05:05,140900,5,1,16.7
07/08/2020,05:33,141000,12,3,16.8
07/08/2020,05:59,141100,18,3,15.7
07/08/2020,06:27,141200,13,1,16.8
07/08/2020,06:54,141300,11,0,16.2
07/08/2020,07:22,141400,16,1,16.6
07/08/2020,07:49,141500,8,4,16.7
07/08/2020,08:17,141600,12,1,16.7
07/08/2020,08:45,141700,12,2,16.7
07/08/2020,09:13,141800,17,2,16.5
07/08/2020,09:42,141900,19,2,17.3
07/08/2020,10:10,142000,15,2,17.0
07/08/2020,10:38,142100,14,5,16.7
07/08/2020,11:05,142200,13,1,16.6
07/08/2020,11:35,142300,19,4,17.6
07/08/2020,12:02,142400,9,2,16.6
07/08/2020,12:30,142500,12,0,16.7
07/08/2020,12:59,142600,9,3,17.2
07/08/2020,13:27,142700,8,3,16.9
07/08/2020,13:55,142800,11,2,16.8
07/08/2020,14:23,142900,9,1,16.7
07/08/2020,14:51,143000,13,2,16.9
07/08/2020,15:19,143100,14,2,17.0
07/08/2020,15:47,143200,9,2,16.6
07/08/2020,16:14,143300,16,2,16.0
07/08/2020,16:41,143400,12,0,16.3
07/08/2020,17:10,143500,17,2,17.1
07/08/2020,17:37,143600,21,1,16.8
07/08/2020,18:05,143700,10,1,16.3
07/08/2020,18:32,143800,16,0,16.6
07/08/2020,19:01,143900,11,2,17.3
07/08/2020,19:30,144000,14,1,17.1
07/08/2020,19:59,144100,13,0,17.4
07/08/2020,20:27,144200,16,3,17.2
07/08/2020,20:55,144300,13,1,16.7
07/08/2020,21:23,144400,15,1,16.5
07/08/2020,21:50,144500,15,0,16.2
07/08/2020,22:18,144600,13,2,17.0
07/08/2020,22:46,144700,14,4,17.0
07/08/2020,23:15,144800,7,1,17.0
07/08/2020,23:45,144900,14,4,18.0
08/08/2020,00:13,145000,12,2,17.1
08/08/2020,00:40,145100,12,3,16.0
08/08/2020,01:07,145200,21,4,16.5
08/08/2020,01:35,145300,15,1,16.7
08/08/2020,02:02,145400,18,2,16.3
08/08/2020,02:31,145500,14,3,17.2
08/08/2020,02:59,145600,7,1,16.7
08/08/2020,03:26,145700,9,1,16.3
08/08/2020,03:54,145800,12,0,16.9
08/08/2020,04:22,145900,16,1,16.6
08/08/2020,04:50,146000,11,2,16.9
08/08/2020,05:18,146100,12,3,16.9
08/08/2020,05:47,146200,17,4,17.2
08/08/2020,06:15,146300,15,4,16.6
08/08/2020,06:43,146400,17,2,17.0
08/08/2020,07:10,146500,15,2,16.4
08/08/2020,07:39,146600,14,4,17.2
08/08/2020,08:07,146700,16,2,16.8
08/08/2020,08:34,146800,8,1,16.3
08/08/2020,09:03,146900,12,1,17.7
08/08/2020,09:31,147000,13,7,16.2
08/08/2020,09:59,147100,13,9,17.3
08/08/2020,10:28,147200,14,2,17.1
08/08/2020,10:57,147300,18,0,17.3
08/08/2020,11:25,147400,17,4,16.9
08/08/2020,11:52,147500,19,2,16.4
08/08/2020,12:20,147600,9,2,16.9
08/08/2020,12:48,147700,9,4,16.4
08/08/2020,13:15,147800,11,2,16.3
08/08/2020,13:43,147900,12,1,17.0
08/08/2020,14:11,148000,7,2,16.5
08/08/2020,14:39,148100,18,3,16.7
08/08/2020,15:07,148200,11,4,16.8
08/08/2020,15:35,148300,18,4,17.0
08/08/2020,16:03,148400,14,3,16.9
08/08/2020,16:31,148500,14,1,16.9
08/08/2020,17:00,148600,13,1,16.9
08/08/2020,17:27,148700,10,2,16.5
08/08/2020,17:57,148800,23,3,18.2
08/08/2020,18:25,148900,8,2,16.8
08/08/2020,18:53,149000,13,6,16.6
08/08/2020,19:22,149100,13,0,17.3
08/08/2020,19:52,149200,14,1,18.2
08/08/2020,20:21,149300,14,2,17.1
08/08/2020,20:49,149400,11,1,17.0
08/08/2020,21:17,149500,17,3,16.6
08/08/2020,21:46,149600,12,3,17.5
08/08/2020,22:15,149700,10,2,17.6
08/08/2020,22:45,149800,15,0,17.9
08/08/2020,23:14,149900,11,2,17.0
08/08/2020,23:43,150000,8,1,17.4
09/08/2020,00:12,150100,16,6,17.4
09/08/2020,00:40,150200,19,3,17.1
09/08/2020,01:09,150300,15,3,17.2
09/08/2020,01:37,150400,17,2,16.7
09/08/2020,02:06,150500,13,1,17.9
09/08/2020,02:36,150600,10,4,17.6
09/08/2020,03:04,150700,10,4,17.1
09/08/2020,03:35,150800,15,2,18.2
09/08/2020,04:03,150900,17,3,17.2
09/08/2020,04:32,151000,11,4,17.1
09/08/2020,05:00,151100,11,3,16.9
09/08/2020,05:29,151200,14,1,17.4
09/08/2020,05:57,151300,14,5,16.5
09/08/2020,06:27,151400,14,2,18.2
09/08/2020,06:55,151500,12,1,17.1
09/08/2020,07:24,151600,14,1,17.4
09/08/2020,07:53,151700,8,3,17.2
09/08/2020,08:22,151800,8,1,17.5
09/08/2020,08:52,151900,19,3,18.0
09/08/2020,09:21,152000,16,2,17.2
09/08/2020,09:49,152100,17,0,16.7
09/08/2020,10:18,152200,10,1,17.5
09/08/2020,10:47,152300,15,3,17.5
09/08/2020,11:16,152400,10,1,17.6
09/08/2020,11:45,152500,16,1,17.1
09/08/2020,12:13,152600,18,2,16.8
09/08/2020,12:42,152700,12,3,17.3
09/08/2020,13:15,152800,19,0,20.0
09/08/2020,13:45,152900,17,2,17.7
09/08/2020,14:13,153000,13,3,17.2
09/08/2020,14:42,153100,19,3,17.2
09/08/2020,15:11,153200,21,4,17.0
09/08/2020,15:39,153300,17,3,16.9
09/08/2020,16:06,153400,18,2,16.3
09/08/2020,16:34,153500,15,3,16.9
09/08/2020,17:02,153600,11,4,16.5
09/08/2020,17:31,153700,11,3,17.5
09/08/2020,17:57,153800,20,2,16.0
09/08/2020,18:26,153900,8,3,16.9
09/08/2020,18:53,154000,11,4,16.6
09/08/2020,19:22,154100,18,5,17.0
09/08/2020,19:51,154200,19,2,17.7
09/08/2020,20:20,154300,14,3,17.1
09/08/2020,20:48,154400,7,1,17.1
09/08/2020,21:16,154500,17,0,16.7
09/08/2020,21:45,154600,14,7,17.4
09/08/2020,22:13,154700,15,1,16.6
09/08/2020,22:42,154800,14,1,17.4
09/08/2020,23:09,154900,19,1,16.5
09/08/2020,23:38,155000,18,2,17.5
10/08/2020,00:07,155100,17,4,17.2
10/08/2020,00:34,155200,14,2,16.4
10/08/2020,01:03,155300,11,4,17.2
10/08/2020,01:31,155400,16,2,16.9
10/08/2020,02:07,155500,12,3,21.2
10/08/2020,02:34,155600,22,2,16.3
10/08/2020,03:02,155700,15,3,16.8
10/08/2020,03:30,155800,15,2,16.7
10/08/2020,03:59,155900,13,4,17.5
10/08/2020,04:27,156000,16,3,16.6
10/08/2020,04:55,156100,8,2,17.1
10/08/2020,05:24,156200,15,2,17.0
10/08/2020,05:51,156300,14,0,16.5
10/08/2020,06:19,156400,9,1,17.0
10/08/2020,06:48,156500,20,1,17.0
10/08/2020,07:15,156600,16,3,16.3
10/08/2020,07:43,156700,9,6,16.6
10/08/2020,08:10,156800,18,4,16.8
10/08/2020,08:42,156900,15,2,18.9
10/08/2020,09:09,157000,9,3,16.2
10/08/2020,09:38,157100,14,3,17.7
10/08/2020,10:07,157200,20,2,17.3
10/08/2020,10:36,157300,10,8,17.1
10/08/2020,11:02,157400,9,3,15.9
10/08/2020,11:30,157500,16,2,16.9
10/08/2020,11:58,157600,15,3,16.9
10/08/2020,12:28,157700,11,4,17.5
10/08/2020,12:56,157800,18,4,17.0
10/08/2020,13:23,157900,13,2,16.5
10/08/2020,13:51,158000,13,2,16.8
10/08/2020,14:20,158100,20,4,16.9
10/08/2020,14:50,158200,15,3,18.4
10/08/2020,15:18,158300,13,3,16.4
10/08/2020,15:46,158400,22,4,16.9
10/08/2020,16:14,158500,16,3,16.6
10/08/2020,16:42,158600,15,3,16.9
10/08/2020,17:10,158700,16,2,16.9
10/08/2020,17:39,158800,14,1,17.2
10/08/2020,18:06,158900,14,5,16.8
10/08/2020,18:35,159000,15,3,17.0
10/08/2020,19:03,159100,19,2,16.9
10/08/2020,19:31,159200,12,3,16.9
10/08/2020,19:59,159300,14,3,16.9
10/08/2020,20:27,159400,13,1,16.9
10/08/2020,20:58,159500,14,4,18.1
10/08/2020,21:26,159600,19,2,16.8
10/08/2020,21:54,159700,13,2,17.1
10/08/2020,22:23,159800,11,2,17.6
10/08/2020,22:52,159900,20,1,17.3
10/08/2020,23:21,160000,19,1,17.2
10/08/2020,23:50,160100,17,3,17.2
11/08/2020,00:18,160200,9,5,17.2
11/08/2020,00:46,160300,14,2,16.7
11/08/2020,01:14,160400,9,1,16.6
11/08/2020,01:43,160500,13,2,17.2
11/08/2020,02:11,160600,21,6,17.0
11/08/2020,02:39,160700,13,5,16.6
11/08/2020,03:08,160800,11,3,17.4
11/08/2020,03:38,160900,16,1,18.1
11/08/2020,04:07,161000,14,4,17.2
11/08/2020,04:35,161100,17,3,17.2
11/08/2020,05:03,161200,14,1,16.7
11/08/2020,05:30,161300,12,3,16.1
11/08/2020,06:00,161400,19,1,17.9
11/08/2020,06:30,161500,16,4,18.0
11/08/2020,06:58,161600,20,1,16.7
11/08/2020,07:25,161700,23,1,16.6
11/08/2020,07:53,161800,19,1,16.6
11/08/2020,08:22,161900,17,2,17.3
11/08/2020,08:50,162000,13,2,17.0
11/08/2020,09:19,162100,16,1,17.3
11/08/2020,09:47,162200,19,2,17.0
11/08/2020,10:16,162300,14,1,17.0
11/08/2020,10:45,162400,14,1,17.4
11/08/2020,11:13,162500,16,3,16.8
11/08/2020,11:41,162600,20,2,17.0
11/08/2020,12:10,162700,18,3,17.1
11/08/2020,12:39,162800,15,5,17.6
11/08/2020,13:08,162900,15,2,17.2
11/08/2020,13:37,163000,21,5,17.7
11/08/2020,14:06,163100,15,3,17.3
11/08/2020,14:34,163200,15,2,16.9
11/08/2020,15:03,163300,18,2,17.1
11/08/2020,15:32,163400,12,2,17.4
11/08/2020,16:00,163500,11,2,16.8
11/08/2020,16:29,163600,11,1,17.2
11/08/2020,16:57,163700,16,0,17.0
11/08/2020,17:25,163800,18,2,17.0
11/08/2020,17:52,163900,14,3,16.3
11/08/2020,18:21,164000,12,2,16.9
11/08/2020,18:48,164100,11,2,16.5
11/08/2020,19:16,164200,12,2,16.9
11/08/2020,19:43,164300,21,2,16.0
11/08/2020,20:11,164400,14,1,16.8
11/08/2020,20:40,164500,11,1,17.5
11/08/2020,21:09,164600,12,3,17.4
11/08/2020,21:37,164700,18,2,16.4
11/08/2020,22:07,164800,15,2,17.9
11/08/2020,22:35,164900,14,0,16.9
11/08/2020,23:04,165000,21,5,17.4
11/08/2020,23:32,165100,17,6,16.9
12/08/2020,00:01,165200,17,2,17.3
12/08/2020,00:28,165300,14,5,16.5
12/08/2020,00:57,165400,11,3,17.2
12/08/2020,01:25,165500,21,2,16.9
12/08/2020,01:54,165600,9,4,17.2
12/08/2020,02:22,165700,13,1,17.0
12/08/2020,02:50,165800,18,5,16.5
12/08/2020,03:17,165900,17,2,16.6
12/08/2020,03:45,166000,15,3,16.8
12/08/2020,04:14,166100,15,1,17.2
12/08/2020,04:43,166200,19,7,17.2
12/08/2020,05:11,166300,17,4,16.9
12/08/2020,05:40,166400,20,3,17.4
12/08/2020,06:08,166500,12,4,17.2
12/08/2020,06:36,166600,21,0,16.4
12/08/2020,07:04,166700,24,5,16.8
12/08/2020,07:32,166800,10,4,16.9
12/08/2020,08:00,166900,13,2,16.8
12/08/2020,08:29,167000,23,4,17.2
12/08/2020,08:58,167100,14,3,17.4
12/08/2020,09:25,167200,16,5,16.7
12/08/2020,09:54,167300,13,4,17.0
12/08/2020,10:24,167400,16,3,17.8
12/08/2020,10:50,167500,16,3,16.0
12/08/2020,11:18,167600,13,4,16.7
12/08/2020,11:46,167700,21,3,17.0
12/08/2020,12:16,167800,12,2,17.7
12/08/2020,12:47,167900,14,3,18.4
12/08/2020,13:15,168000,15,2,16.7
12/08/2020,13:43,168100,20,3,16.8
12/08/2020,14:10,168200,22,3,16.7
12/08/2020,14:40,168300,16,3,17.5
12/08/2020,15:07,168400,15,3,16.3
12/08/2020,15:36,168500,16,4,17.4
12/08/2020,16:04,168600,14,1,17.1
12/08/2020,16:33,168700,12,5,17.2
12/08/2020,17:01,168800,14,4,16.8
12/08/2020,17:29,168900,9,5,16.9
12/08/2020,17:57,169000,17,3,16.9
12/08/2020,18:26,169100,14,5,17.2
12/08/2020,18:56,169200,17,3,18.1
12/08/2020,19:24,169300,17,1,16.6
12/08/2020,19:52,169400,22,1,17.1
12/08/2020,20:20,169500,16,4,16.6
12/08/2020,20:47,169600,14,1,16.6
12/08/2020,21:16,169700,20,4,17.3
12/08/2020,21:45,169800,18,1,17.5
12/08/2020,22:13,169900,14,2,16.7
12/08/2020,22:42,170000,19,2,17.0
12/08/2020,23:10,170100,10,1,16.9
12/08/2020,23:38,170200,14,3,16.9
13/08/2020,00:07,170300,14,3,17.6
13/08/2020,00:36,170400,12,3,17.4
13/08/2020,01:05,170500,11,0,17.0
13/08/2020,01:33,170600,14,2,17.2
13/08/2020,02:05,170700,14,0,19.1
13/08/2020,02:34,170800,21,3,17.3
13/08/2020,03:02,170900,21,2,16.6
13/08/2020,03:30,171000,15,2,17.0
13/08/2020,03:59,171100,13,3,17.2
13/08/2020,04:29,171200,14,6,17.7
13/08/2020,04:57,171300,21,1,16.9
13/08/2020,05:24,171400,23,3,16.3
13/08/2020,05:52,171500,23,4,16.7
13/08/2020,06:20,171600,20,7,17.1
13/08/2020,06:49,171700,14,6,17.4
13/08/2020,07:17,171800,20,3,16.5
13/08/2020,07:45,171900,21,9,17.1
13/08/2020,08:14,172000,18,8,17.3
13/08/2020,08:43,172100,24,4,17.2
13/08/2020,09:14,172200,21,14,18.7
13/08/2020,09:48,172300,13,7,20.5
13/08/2020,10:17,172400,21,3,17.3
13/08/2020,10:45,172500,16,7,17.0
13/08/2020,11:14,172600,14,4,17.0
13/08/2020,11:42,172700,18,4,17.2
13/08/2020,12:11,172800,15,9,17.5
13/08/2020,12:40,172900,17,12,17.2
13/08/2020,13:09,173000,12,8,17.1
13/08/2020,13:37,173100,11,8,17.0
13/08/2020,14:06,173200,16,11,17.6
13/08/2020,14:36,173300,16,13,17.6
13/08/2020,15:05,173400,19,5,17.9
13/08/2020,15:34,173500,19,5,17.1
13/08/2020,16:04,173600,21,4,17.8
13/08/2020,16:32,173700,22,4,17.2
13/08/2020,17:01,173800,12,7,17.3
13/08/2020,17:29,173900,20,3,16.8
13/08/2020,17:58,174000,17,12,17.1
13/08/2020,18:28,174100,16,11,18.1
13/08/2020,18:58,174200,21,4,18.1
13/08/2020,19:27,174300,19,5,17.2
13/08/2020,19:55,174400,15,4,17.1